Date,Product,PriceJPY
2025-05-02,テラスタルフェス BOX（シュリンク付き）,NA
2025-05-02,テラスタルフェス BOX（シュリンク付き）,NA
2025-05-02,テラスタルフェス BOX（シュリンク付き）,NA
2025-05-02,テラスタルフェス BOX（シュリンク付き）,NA
2025-05-02,ロケット団の栄光 BOX（シュリンク付き）,NA
2025-05-02,ロケット団の栄光 BOX（シュリンク付き）,NA
2025-05-02,ロケット団の栄光 BOX（シュリンク付き）,NA
2025-05-02,ロケット団の栄光 BOX（シュリンク付き）,NA
2025-05-02,ロケット団の栄光 BOX（シュリンク付き）,NA
2025-05-02,ロケット団の栄光 BOX（シュリンク付き）,NA
2025-05-02,ロケット団の栄光 BOX（シュリンク付き）,NA
2025-05-02,ロケット団の栄光 BOX（シュリンク付き）,NA
2025-05-02,ロケット団の栄光 BOX（シュリンク付き）,NA
2025-05-02,ロケット団の栄光 BOX（シュリンク付き）,NA
2025-05-02,ロケット団の栄光 BOX（シュリンク付き）,10890
